feature,importance
water_temp,0.3462081676103531
moon_phase,0.3071903791993631
wave_height,0.20434308491637082
wind_speed,0.14225836827391297
