scenario,num_nights_open,total_revenue,total_profit,avg_profit_per_night
A_All_nights,331,1073601.925334428,812971.9253344281,2456.108535753559
B_High_score_only,42,190820.7191068413,146070.7191068413,3477.874264448602
C_Weekend_high_score,43,212604.46256848337,165969.46256848337,3859.754943453101
